Date,AC.PA,ACA.PA,AI.PA,AIR.PA,BN.PA,BNP.PA,BVI.PA,CA.PA,CAP.PA,CS.PA,DG.PA,DSY.PA,EDEN.PA,EL.PA,EN.PA,ENGI.PA,ERF.PA,GLE.PA,HO.PA,KER.PA,LR.PA,MC.PA,ML.PA,MT.AS,OR.PA,ORA.PA,PUB.PA,RI.PA,RMS.PA,RNO.PA,SAF.PA,SAN.PA,SGO.PA,STLAM.MI,STMPA.PA,SU.PA,TEP.PA,TTE.PA,UBLB.F,VIE.PA
2024-12-02,43.459999084472656,12.5600004196167,159.5399932861328,150.52000427246094,64.83999633789062,55.939998626708984,28.81999969482422,13.710000038146973,150.85000610351562,32.540000915527344,97.26000213623047,31.950000762939453,31.18000030517578,230.8000030517578,27.670000076293945,14.960000038146973,46.689998626708984,24.440000534057617,141.00001525878906,220.6917724609375,94.94000244140625,606.0999755859375,30.479999542236328,24.170000076293945,333.5,9.704999923706055,102.6500015258789,105.8499984741211,2160.33349609375,39.70000076293945,221.8000030517578,91.81999969482422,84.5199966430664,11.746000289916992,24.4360294342041,243.10000610351562,87.5999984741211,52.2981071472168,3.759999990463257,27.329999923706055
2024-12-03,43.7599983215332,12.510000228881836,160.02000427246094,152.0800018310547,64.80000305175781,55.779998779296875,28.979999542236328,13.859999656677246,152.10000610351562,32.290000915527344,97.16000366210938,32.380001068115234,30.399999618530273,228.5,27.790000915527344,14.944999694824219,46.029998779296875,24.274999618530273,143.0,219.10585021972656,94.73999786376953,609.2000122070312,30.850000381469727,23.950000762939453,329.6000061035156,9.706000328063965,102.8499984741211,105.25,2188.298828125,39.709999084472656,227.3000030517578,91.66999816894531,86.12000274658203,11.934000015258789,24.232603073120117,243.85000610351562,85.83999633789062,52.62862014770508,3.640000104904175,27.399999618530273
2024-12-04,44.0,12.635000228881836,161.16000366210938,154.22000122070312,64.73999786376953,56.5,29.3799991607666,14.029999732971191,153.89999389648438,32.83000183105469,98.62000274658203,33.58000183105469,29.6200008392334,229.5,27.950000762939453,15.005000114440918,46.61000061035156,24.559999465942383,141.9499969482422,223.07066345214844,96.36000061035156,610.2000122070312,30.940000534057617,23.6299991607666,333.25,9.413999557495117,100.5999984741211,104.30000305175781,2197.287841796875,41.63999938964844,228.60000610351562,91.3499984741211,86.26000213623047,12.09000015258789,24.53030014038086,249.10000610351562,86.5,52.434200286865234,3.6600000858306885,27.3700008392334
2024-12-05,46.099998474121094,12.925000190734863,161.66000366210938,153.5399932861328,64.9800033569336,57.970001220703125,29.520000457763672,14.050000190734863,155.0,33.650001525878906,100.9000015258789,33.88999938964844,30.600000381469727,229.8000030517578,28.600000381469727,15.265000343322754,46.61000061035156,25.614999771118164,142.14999389648438,222.8228759765625,95.77999877929688,609.2000122070312,31.56999969482422,24.030000686645508,336.1499938964844,9.652000427246094,101.25,107.3499984741211,2185.302734375,42.61000061035156,211.89999389648438,91.80000305175781,88.0199966430664,12.54800033569336,24.684112548828125,248.64999389648438,87.41999816894531,52.55085372924805,3.7200000286102295,28.110000610351562
2024-12-06,46.02000045776367,13.03499984741211,162.05999755859375,155.16000366210938,64.86000061035156,58.56999969482422,29.65999984741211,14.145000457763672,157.4499969482422,34.0,101.0999984741211,34.7400016784668,31.200000762939453,230.60000610351562,28.850000381469727,15.25,47.11000061035156,25.934999465942383,141.8000030517578,236.10501098632812,96.83999633789062,630.4000244140625,31.959999084472656,24.149999618530273,343.6000061035156,9.727999687194824,104.4000015258789,108.8499984741211,2256.215087890625,43.689998626708984,212.89999389648438,92.18000030517578,90.0199966430664,12.947999954223633,24.882577896118164,251.6999969482422,88.18000030517578,52.71610641479492,3.740000009536743,28.25
2024-12-09,45.650001525878906,13.119999885559082,161.66000366210938,156.9600067138672,64.30000305175781,60.060001373291016,29.540000915527344,14.414999961853027,160.0500030517578,34.06999969482422,101.1500015258789,35.220001220703125,31.65999984741211,229.89999389648438,28.8799991607666,15.28499984741211,47.79999923706055,26.7450008392334,139.8000030517578,244.33201599121094,96.95999908447266,652.5999755859375,32.380001068115234,24.6200008392334,349.70001220703125,9.75,104.80000305175781,111.80000305175781,2275.191650390625,43.7599983215332,210.39999389648438,91.81999969482422,89.87999725341797,13.145999908447266,25.115774154663086,248.3000030517578,89.72000122070312,53.42572784423828,3.7799999713897705,28.329999923706055
2024-12-10,45.58000183105469,13.180000305175781,160.0399932861328,156.1999969482422,64.16000366210938,59.70000076293945,29.68000030517578,14.1899995803833,159.9499969482422,33.70000076293945,100.94999694824219,34.97999954223633,31.530000686645508,226.60000610351562,28.959999084472656,15.154999732971191,47.75,26.674999237060547,137.5,238.92994689941406,95.68000030517578,636.0,32.4900016784668,24.579999923706055,345.25,9.706000328063965,103.0,112.3499984741211,2231.245849609375,44.099998474121094,205.89999389648438,91.75,89.18000030517578,13.27400016784668,24.813112258911133,242.75,90.08000183105469,52.83275604248047,3.5399999618530273,28.030000686645508
2024-12-11,46.2599983215332,13.1899995803833,159.9600067138672,156.24000549316406,64.76000213623047,59.59000015258789,30.520000457763672,14.055000305175781,159.35000610351562,33.66999816894531,101.0999984741211,35.29999923706055,31.68000030517578,231.3000030517578,28.75,15.194999694824219,47.83000183105469,26.829999923706055,138.6999969482422,237.54225158691406,97.05999755859375,643.7999877929688,32.31999969482422,24.59000015258789,341.5,9.552000045776367,106.80000305175781,111.94999694824219,2254.217529296875,44.08000183105469,210.3000030517578,91.29000091552734,89.62000274658203,13.194000244140625,24.813112258911133,247.75,87.63999938964844,51.98704147338867,3.619999885559082,28.030000686645508
2024-12-12,46.790000915527344,13.145000457763672,159.89999389648438,159.89999389648438,65.0,58.91999816894531,30.15999984741211,14.09000015258789,157.0,33.560001373291016,100.75,35.20000076293945,30.639999389648438,231.1999969482422,28.860000610351562,15.09000015258789,48.220001220703125,27.309999465942383,139.3000030517578,239.87159729003906,95.68000030517578,646.0,32.5099983215332,24.280000686645508,344.5,9.562000274658203,106.5999984741211,113.9000015258789,2281.184326171875,44.11000061035156,208.10000610351562,90.69000244140625,89.0999984741211,13.208000183105469,24.85776710510254,244.6999969482422,86.33999633789062,51.8801155090332,3.7799999713897705,28.079999923706055
2024-12-13,47.0,13.164999961853027,159.6999969482422,160.22000122070312,65.23999786376953,58.939998626708984,30.1200008392334,14.029999732971191,156.0,34.099998474121094,101.19999694824219,34.970001220703125,30.700000762939453,231.1999969482422,29.06999969482422,15.225000381469727,47.970001220703125,27.174999237060547,138.0,241.903564453125,95.33999633789062,639.0,32.779998779296875,23.729999542236328,343.3500061035156,9.609999656677246,106.80000305175781,113.94999694824219,2271.196533203125,44.77000045776367,209.10000610351562,89.16999816894531,88.77999877929688,13.347999572753906,24.684112548828125,244.6999969482422,85.33999633789062,51.87039566040039,3.5999999046325684,27.860000610351562
2024-12-16,46.95000076293945,13.15999984741211,159.3000030517578,157.86000061035156,65.37999725341797,58.81999969482422,30.020000457763672,13.805000305175781,154.0500030517578,33.959999084472656,99.80000305175781,34.150001525878906,30.790000915527344,234.10000610351562,28.68000030517578,14.9399995803833,47.900001525878906,27.05500030517578,137.75,237.54225158691406,94.86000061035156,631.2000122070312,32.2400016784668,23.610000610351562,341.6000061035156,9.631999969482422,106.30000305175781,112.0999984741211,2266.202880859375,44.31999969482422,210.39999389648438,88.81999969482422,88.36000061035156,12.729999542236328,24.280757904052734,244.64999389648438,81.9000015258789,50.830265045166016,3.5799999237060547,27.6200008392334
2024-12-17,46.79999923706055,13.050000190734863,158.89999389648438,158.5399932861328,64.94000244140625,58.25,29.799999237060547,13.739999771118164,153.64999389648438,33.7400016784668,99.5199966430664,34.27000045776367,31.040000915527344,233.3000030517578,28.530000686645508,14.875,47.40999984741211,26.690000534057617,136.5,237.04664611816406,94.36000061035156,635.5999755859375,32.33000183105469,22.90999984741211,344.8500061035156,9.576000213623047,104.5999984741211,111.3499984741211,2300.160888671875,44.5,211.6999969482422,91.73999786376953,87.04000091552734,12.758000373840332,24.41023063659668,245.89999389648438,80.08000183105469,50.2372932434082,3.5399999618530273,27.280000686645508
2024-12-18,46.720001220703125,13.114999771118164,158.25999450683594,158.86000061035156,64.31999969482422,58.630001068115234,29.84000015258789,13.765000343322754,154.14999389648438,33.79999923706055,99.23999786376953,33.869998931884766,30.709999084472656,234.5,28.579999923706055,14.84000015258789,47.59000015258789,26.940000534057617,137.39999389648438,235.06423950195312,96.26000213623047,636.5,32.25,22.850000381469727,342.0,9.515999794006348,104.94999694824219,108.0,2309.149658203125,46.81999969482422,214.10000610351562,91.80000305175781,87.9000015258789,12.744000434875488,24.99782943725586,248.14999389648438,82.0999984741211,50.742774963378906,3.5199999809265137,27.020000457763672
2024-12-19,46.349998474121094,13.069999694824219,155.5,156.52000427246094,64.44000244140625,57.810001373291016,29.3799991607666,13.550000190734863,156.5500030517578,33.779998779296875,98.4800033569336,33.279998779296875,30.239999771118164,231.89999389648438,28.200000762939453,14.819999694824219,47.68000030517578,26.770000457763672,139.4499969482422,232.6853485107422,93.63999938964844,627.5,31.8799991607666,22.459999084472656,339.3500061035156,9.472000122070312,103.55000305175781,108.6500015258789,2292.170654296875,46.279998779296875,211.1999969482422,91.5,85.4000015258789,12.362000465393066,23.44915771484375,240.64999389648438,81.36000061035156,50.480316162109375,3.4800000190734863,26.829999923706055
2024-12-20,46.599998474121094,13.010000228881836,155.3800048828125,154.77999877929688,64.08000183105469,57.47999954223633,28.780000686645508,13.475000381469727,155.25,33.5099983215332,97.9800033569336,33.150001525878906,30.440000534057617,231.1999969482422,28.190000534057617,14.90999984741211,47.959999084472656,26.684999465942383,137.4499969482422,232.1401824951172,94.04000091552734,628.0999755859375,31.950000762939453,22.260000228881836,336.95001220703125,9.444000244140625,102.8499984741211,108.05000305175781,2301.15966796875,46.81999969482422,210.0,91.27999877929688,85.26000213623047,12.378000259399414,23.573650360107422,239.75,82.44000244140625,50.441429138183594,3.440000057220459,26.799999237060547
2024-12-23,46.439998626708984,13.024999618530273,154.24000549316406,153.89999389648438,64.22000122070312,57.439998626708984,28.860000610351562,13.385000228881836,155.4499969482422,33.63999938964844,98.23999786376953,33.08000183105469,30.90999984741211,232.10000610351562,28.079999923706055,14.984999656677246,48.58000183105469,26.614999771118164,137.0500030517578,233.5278778076172,93.41999816894531,629.2000122070312,31.760000228881836,22.1299991607666,338.04998779296875,9.47599983215332,102.44999694824219,107.5,2299.162109375,46.2599983215332,209.60000610351562,91.77999877929688,85.44000244140625,12.342000007629395,23.782793045043945,239.10000610351562,80.30000305175781,50.40254592895508,3.5,26.729999542236328
2024-12-24,46.5,12.90999984741211,154.33999633789062,153.6999969482422,64.05999755859375,57.540000915527344,28.8799991607666,13.515000343322754,156.0,33.56999969482422,97.9800033569336,33.45000076293945,31.309999465942383,231.89999389648438,27.989999771118164,14.944999694824219,49.47999954223633,26.4950008392334,137.75,232.1401824951172,93.83999633789062,630.7999877929688,31.8700008392334,22.270000457763672,339.8500061035156,9.501999855041504,102.5,107.5999984741211,2295.1669921875,47.08000183105469,209.6999969482422,91.75,85.5999984741211,,24.03675651550293,239.8000030517578,80.4000015258789,50.55807876586914,,26.799999237060547
2024-12-27,46.75,13.225000381469727,155.89999389648438,155.3000030517578,64.77999877929688,58.540000915527344,29.0,13.625,157.0500030517578,34.08000183105469,99.05999755859375,33.16999816894531,31.31999969482422,234.5,28.530000686645508,15.140000343322754,49.099998474121094,26.780000686645508,138.0500030517578,235.85720825195312,94.04000091552734,635.5999755859375,32.0099983215332,22.209999084472656,344.5,9.586000442504883,103.0999984741211,109.5,2311.147216796875,46.849998474121094,211.0,93.27999877929688,86.19999694824219,12.595999717712402,24.270801544189453,241.0500030517578,82.16000366210938,51.27742004394531,3.559999942779541,26.940000534057617
2024-12-30,46.70000076293945,13.305000305175781,154.6199951171875,154.3800048828125,64.5,58.72999954223633,28.959999084472656,13.5649995803833,155.1999969482422,34.119998931884766,98.72000122070312,32.939998626708984,30.860000610351562,232.3000030517578,28.540000915527344,15.234999656677246,48.540000915527344,26.875,137.5,235.0146942138672,93.26000213623047,629.2999877929688,31.610000610351562,22.06999969482422,337.3999938964844,9.630000114440918,101.94999694824219,108.1500015258789,2302.158447265625,46.650001525878906,210.39999389648438,93.13999938964844,85.55999755859375,12.59000015258789,23.897327423095703,239.39999389648438,81.72000122070312,51.13161087036133,3.5199999809265137,26.84000015258789
2024-12-31,47.040000915527344,13.289999961853027,156.9199981689453,154.77999877929688,65.12000274658203,59.220001220703125,29.34000015258789,13.729999542236328,158.14999389648438,34.31999969482422,99.73999786376953,33.5,31.75,235.60000610351562,28.540000915527344,15.3100004196167,49.310001373291016,27.15999984741211,138.64999389648438,236.15457153320312,94.04000091552734,635.5,31.799999237060547,22.43000030517578,341.8500061035156,9.628000259399414,103.0,109.0,2319.137451171875,47.04999923706055,212.10000610351562,93.73999786376953,85.69999694824219,,24.176185607910156,240.89999389648438,83.12000274658203,51.8801155090332,,27.110000610351562
2025-01-02,47.130001068115234,13.34000015258789,155.86000061035156,160.13999938964844,64.87999725341797,59.25,29.079999923706055,13.664999961853027,156.64999389648438,34.41999816894531,99.69999694824219,33.099998474121094,31.15999984741211,234.1999969482422,28.850000381469727,15.524999618530273,48.77000045776367,27.079999923706055,137.60000610351562,233.7756805419922,93.69999694824219,635.4000244140625,32.16999816894531,22.510000228881836,338.1000061035156,9.697999954223633,103.1500015258789,108.5999984741211,2298.163330078125,47.060001373291016,214.89999389648438,94.31999969482422,85.76000213623047,12.619999885559082,23.693161010742188,241.60000610351562,82.9000015258789,53.014808654785156,3.5199999809265137,27.229999542236328
2025-01-03,45.9900016784668,13.21500015258789,154.63999938964844,158.5800018310547,64.73999786376953,58.4900016784668,28.899999618530273,13.53499984741211,155.0,34.06999969482422,98.91999816894531,32.52000045776367,30.6200008392334,230.1999969482422,28.729999542236328,15.619999885559082,48.56999969482422,26.524999618530273,136.6999969482422,222.3768310546875,92.54000091552734,611.2999877929688,31.31999969482422,21.459999084472656,332.0,9.63599967956543,100.44999694824219,105.25,2234.2421875,46.08000183105469,211.60000610351562,92.87000274658203,83.9000015258789,12.175999641418457,23.384422302246094,240.1999969482422,82.77999877929688,53.28121566772461,3.5799999237060547,26.719999313354492
2025-01-06,46.58000183105469,13.359999656677246,158.17999267578125,159.63999938964844,64.54000091552734,60.029998779296875,29.040000915527344,13.770000457763672,159.5500030517578,34.45000076293945,99.95999908447266,34.2400016784668,31.25,233.0,28.780000686645508,15.645000457763672,49.65999984741211,27.350000381469727,137.75,227.82846069335938,95.66000366210938,634.5999755859375,31.889999389648438,21.520000457763672,338.0,9.618000030517578,99.80000305175781,108.4000015258789,2335.11767578125,47.0,213.6999969482422,94.66000366210938,86.30000305175781,12.652000427246094,25.221912384033203,251.14999389648438,85.23999786376953,53.98176193237305,3.5999999046325684,27.170000076293945
2025-01-07,46.4900016784668,13.385000228881836,159.25999450683594,158.39999389648438,65.54000091552734,60.400001525878906,28.860000610351562,13.8149995803833,160.39999389648438,34.7599983215332,101.1500015258789,34.5099983215332,30.40999984741211,234.8000030517578,28.8700008392334,15.720000267028809,50.29999923706055,27.045000076293945,139.5500030517578,229.8108673095703,95.5199966430664,644.5,31.690000534057617,21.34000015258789,336.25,9.616000175476074,99.31999969482422,108.75,2362.08447265625,47.310001373291016,215.89999389648438,95.8499984741211,85.30000305175781,12.788000106811523,25.709918975830078,253.0500030517578,84.13999938964844,54.2481689453125,3.640000104904175,27.170000076293945
2025-01-08,46.689998626708984,13.359999656677246,157.63999938964844,158.5800018310547,64.76000213623047,60.13999938964844,28.739999771118164,13.8149995803833,157.75,34.849998474121094,99.73999786376953,34.349998474121094,31.530000686645508,233.8000030517578,28.799999237060547,15.71500015258789,48.20000076293945,27.584999084472656,145.4499969482422,224.70614624023438,95.5999984741211,635.7000122070312,31.530000686645508,21.149999618530273,331.45001220703125,9.605999946594238,99.19999694824219,108.0,2367.078369140625,47.150001525878906,216.1999969482422,95.66999816894531,85.23999786376953,12.449999809265137,24.599456787109375,251.39999389648438,82.77999877929688,54.42577362060547,3.680000066757202,27.0
2025-01-09,47.220001220703125,13.4350004196167,158.33999633789062,156.5800018310547,65.55999755859375,59.95000076293945,29.520000457763672,13.729999542236328,156.9499969482422,34.40999984741211,100.0999984741211,34.43000030517578,31.850000381469727,235.60000610351562,28.610000610351562,15.779999732971191,49.45000076293945,27.405000686645508,143.8000030517578,226.73812866210938,96.5999984741211,648.0,31.040000915527344,21.290000915527344,331.8999938964844,9.645999908447266,99.45999908447266,109.0999984741211,2374.069580078125,45.810001373291016,220.60000610351562,96.30000305175781,85.77999877929688,12.420000076293945,24.37537384033203,255.60000610351562,85.23999786376953,54.563907623291016,3.640000104904175,26.959999084472656
2025-01-10,47.22999954223633,13.375,156.0800018310547,157.55999755859375,64.4000015258789,59.349998474121094,29.739999771118164,13.694999694824219,157.0500030517578,33.84000015258789,99.05999755859375,33.900001525878906,31.270000457763672,235.10000610351562,28.43000030517578,15.640000343322754,49.06999969482422,27.2549991607666,144.14999389648438,225.79647827148438,95.94000244140625,645.0,30.940000534057617,21.6299991607666,327.3999938964844,9.711999893188477,100.4000015258789,104.75,2364.08203125,45.790000915527344,220.39999389648438,95.61000061035156,84.05999755859375,12.276000022888184,23.94712257385254,250.5500030517578,83.18000030517578,54.51457595825195,3.5999999046325684,26.469999313354492
2025-01-13,46.81999969482422,13.420000076293945,156.47999572753906,155.44000244140625,63.97999954223633,59.63999938964844,29.65999984741211,13.875,156.0500030517578,33.47999954223633,98.76000213623047,33.970001220703125,30.969999313354492,233.39999389648438,28.8700008392334,15.795000076293945,49.0099983215332,27.235000610351562,144.10000610351562,225.39999389648438,95.58000183105469,646.4000244140625,30.899999618530273,21.75,328.3999938964844,9.826000213623047,98.33999633789062,104.75,2350.09912109375,45.81999969482422,218.89999389648438,94.97000122070312,83.69999694824219,12.039999961853027,23.32466697692871,248.0,82.19999694824219,55.175655364990234,3.5799999237060547,26.3799991607666
2025-01-14,47.5099983215332,13.649999618530273,155.89999389648438,155.97999572753906,63.70000076293945,60.810001373291016,29.700000762939453,13.979999542236328,155.0500030517578,33.65999984741211,99.13999938964844,34.02000045776367,30.559999465942383,233.5,28.809999465942383,15.720000267028809,46.08000183105469,27.864999771118164,145.25,220.5,95.4800033569336,651.0,31.739999771118164,21.84000015258789,326.6499938964844,9.907999992370605,98.22000122070312,103.94999694824219,2356.091796875,46.65999984741211,222.5,93.23999786376953,84.23999786376953,12.100000381469727,23.4143009185791,249.89999389648438,83.68000030517578,54.85991668701172,3.4800000190734863,26.649999618530273
2025-01-15,47.81999969482422,13.864999771118164,156.39999389648438,154.3800048828125,64.13999938964844,62.08000183105469,30.299999237060547,14.199999809265137,157.14999389648438,34.400001525878906,99.94000244140625,33.95000076293945,31.31999969482422,236.6999969482422,29.40999984741211,15.805000305175781,46.34000015258789,28.719999313354492,145.35000610351562,223.25,95.94000244140625,637.2000122070312,32.689998626708984,22.389999389648438,329.5,10.074999809265137,97.95999908447266,102.80000305175781,2361.085693359375,47.529998779296875,222.3000030517578,95.81999969482422,85.9000015258789,12.329999923706055,23.962060928344727,251.9499969482422,84.72000122070312,55.185523986816406,3.4600000381469727,26.889999389648438
2025-01-16,47.650001525878906,13.9350004196167,158.27999877929688,157.1999969482422,64.45999908447266,62.209999084472656,30.18000030517578,14.039999961853027,160.25,35.08000183105469,101.05000305175781,34.33000183105469,31.31999969482422,240.1999969482422,29.75,15.835000038146973,46.75,28.719999313354492,147.14999389648438,237.0500030517578,96.0,695.5,32.4900016784668,22.649999618530273,338.8999938964844,10.149999618530273,97.62000274658203,104.4000015258789,2476.942626953125,48.369998931884766,224.0,97.87999725341797,85.0999984741211,12.208000183105469,24.081573486328125,254.35000610351562,84.0,56.61622619628906,3.5799999237060547,26.81999969482422
2025-01-17,48.060001373291016,13.979999542236328,161.5,160.77999877929688,65.0199966430664,62.2400016784668,30.31999969482422,13.345000267028809,160.3000030517578,35.36000061035156,102.5999984741211,34.70000076293945,31.350000381469727,244.10000610351562,30.030000686645508,16.079999923706055,47.06999969482422,28.739999771118164,148.5,242.6999969482422,97.30000305175781,690.0999755859375,32.90999984741211,22.719999313354492,343.45001220703125,10.220000267028809,99.4000015258789,107.4000015258789,2486.930419921875,48.77000045776367,227.39999389648438,98.19000244140625,86.58000183105469,12.550000190734863,24.569578170776367,258.95001220703125,86.4000015258789,56.70502853393555,3.5399999618530273,27.420000076293945
2025-01-20,48.2599983215332,14.175000190734863,162.02000427246094,163.4199981689453,65.44000244140625,62.95000076293945,30.079999923706055,13.539999961853027,161.89999389648438,35.34000015258789,103.0,34.79999923706055,31.43000030517578,245.10000610351562,30.200000762939453,15.800000190734863,47.810001373291016,29.46500015258789,149.60000610351562,247.5500030517578,98.95999908447266,683.0999755859375,33.060001373291016,23.239999771118164,340.79998779296875,10.289999961853027,100.3499984741211,107.5999984741211,2494.92041015625,48.16999816894531,226.6999969482422,98.8499984741211,87.5999984741211,12.847999572753906,24.649253845214844,260.54998779296875,87.08000183105469,56.40901565551758,3.619999885559082,27.420000076293945
2025-01-21,48.31999969482422,14.170000076293945,160.86000061035156,163.3000030517578,65.41999816894531,63.11000061035156,30.34000015258789,13.470000267028809,163.39999389648438,35.25,102.9000015258789,35.060001373291016,31.350000381469727,250.0,30.219999313354492,15.694999694824219,48.220001220703125,29.31999969482422,151.14999389648438,248.85000610351562,99.72000122070312,701.2999877929688,33.08000183105469,22.989999771118164,341.20001220703125,10.324999809265137,100.19999694824219,106.6500015258789,2558.841552734375,48.16999816894531,227.60000610351562,99.0199966430664,87.91999816894531,12.652000427246094,24.57455825805664,262.8500061035156,87.4800033569336,55.88607406616211,3.5999999046325684,27.700000762939453
2025-01-22,49.04999923706055,14.0649995803833,162.39999389648438,165.13999938964844,65.16000366210938,62.310001373291016,30.219999313354492,13.145000457763672,162.5,35.720001220703125,102.8499984741211,35.81999969482422,31.510000228881836,253.5,30.559999465942383,15.524999618530273,48.31999969482422,29.31999969482422,152.14999389648438,245.0,102.69999694824219,713.7999877929688,33.13999938964844,22.520000457763672,349.6499938964844,10.229999542236328,99.9000015258789,105.5,2613.773681640625,49.65999984741211,233.10000610351562,98.8499984741211,88.37999725341797,12.699999809265137,24.440109252929688,269.79998779296875,86.72000122070312,55.62953567504883,3.6600000858306885,27.149999618530273
2025-01-23,48.58000183105469,14.244999885559082,161.72000122070312,166.66000366210938,65.04000091552734,63.380001068115234,30.219999313354492,13.225000381469727,164.10000610351562,36.119998931884766,103.94999694824219,36.0,31.899999618530273,254.5,30.700000762939453,15.5,47.86000061035156,29.985000610351562,152.85000610351562,247.1999969482422,102.94999694824219,720.5999755859375,33.41999816894531,22.969999313354492,354.54998779296875,10.204999923706055,100.19999694824219,105.75,2635.74658203125,48.59000015258789,237.89999389648438,99.88999938964844,89.69999694824219,12.661999702453613,24.474966049194336,271.70001220703125,85.80000305175781,55.39272689819336,3.5999999046325684,27.18000030517578
2025-01-24,48.97999954223633,14.225000381469727,163.75999450683594,167.0399932861328,64.94000244140625,63.61000061035156,29.84000015258789,13.300000190734863,167.5,35.900001525878906,102.3499984741211,36.81999969482422,32.119998931884766,256.1000061035156,30.440000534057617,15.5,48.349998474121094,30.065000534057617,152.3000030517578,258.29998779296875,102.69999694824219,734.0999755859375,33.720001220703125,23.709999084472656,358.45001220703125,10.154999732971191,99.81999969482422,110.5,2658.71826171875,49.130001068115234,236.5,100.16000366210938,89.83999633789062,12.793999671936035,24.19610595703125,270.6499938964844,87.54000091552734,55.09672164916992,3.680000066757202,26.940000534057617
2025-01-27,48.88999938964844,14.289999961853027,165.94000244140625,165.83999633789062,66.4000015258789,64.2300033569336,29.3799991607666,13.520000457763672,164.75,36.349998474121094,103.44999694824219,37.0,32.119998931884766,257.6000061035156,30.6200008392334,15.40999984741211,49.47999954223633,30.274999618530273,152.39999389648438,262.54998779296875,95.4800033569336,754.7999877929688,33.56999969482422,23.75,363.1499938964844,10.289999961853027,100.8499984741211,111.1500015258789,2658.71826171875,49.04999923706055,235.10000610351562,101.33999633789062,88.68000030517578,12.982000350952148,24.28573989868164,245.0,89.31999969482422,54.9487190246582,3.5999999046325684,27.1299991607666
2025-01-28,49.459999084472656,14.404999732971191,166.6999969482422,166.8000030517578,67.44000244140625,64.58000183105469,29.719999313354492,13.675000190734863,170.89999389648438,36.66999816894531,104.5,37.689998626708984,32.459999084472656,259.5,30.6200008392334,15.5,50.31999969482422,30.65999984741211,154.1999969482422,260.29998779296875,94.45999908447266,750.5999755859375,33.68000030517578,23.729999542236328,367.6000061035156,10.425000190734863,101.25,111.69999694824219,2658.71826171875,49.349998474121094,238.10000610351562,101.72000122070312,89.54000091552734,12.829999923706055,23.49895477294922,226.6999969482422,92.66000366210938,55.00791931152344,3.799999952316284,27.479999542236328
2025-01-29,49.369998931884766,14.470000267028809,167.3800048828125,166.6199951171875,66.94000244140625,64.66999816894531,30.040000915527344,13.699999809265137,172.35000610351562,36.47999954223633,103.0999984741211,37.68000030517578,32.66999816894531,263.29998779296875,30.5,15.569999694824219,49.43000030517578,30.96500015258789,152.25,246.25,97.83999633789062,713.2000122070312,33.150001525878906,23.790000915527344,356.3500061035156,10.404999732971191,101.25,108.8499984741211,2677.69482421875,49.63999938964844,237.6999969482422,101.86000061035156,89.31999969482422,12.869999885559082,23.683202743530273,237.4499969482422,90.9000015258789,55.057254791259766,3.880000114440918,27.3799991607666
2025-01-30,49.560001373291016,14.579999923706055,169.13999938964844,166.32000732421875,67.87999725341797,65.66000366210938,30.059999465942383,13.930000305175781,175.35000610351562,36.689998626708984,104.5,37.70000076293945,33.220001220703125,265.1000061035156,30.639999389648438,15.670000076293945,52.220001220703125,31.05500030517578,154.5500030517578,255.9499969482422,98.26000213623047,715.7999877929688,33.63999938964844,24.270000457763672,363.54998779296875,10.399999618530273,102.69999694824219,110.0,2698.6689453125,49.7599983215332,238.39999389648438,103.62000274658203,90.58000183105469,13.029999732971191,21.153541564941406,241.0,91.76000213623047,55.4124641418457,3.859999895095825,27.549999237060547
2025-01-31,49.7599983215332,14.545000076293945,168.60000610351562,167.1199951171875,67.4800033569336,65.72000122070312,30.139999389648438,13.6899995803833,175.9499969482422,36.650001525878906,104.5,37.79999923706055,33.2400016784668,265.70001220703125,30.6299991607666,15.914999961853027,51.86000061035156,31.25,156.10000610351562,253.4499969482422,98.87999725341797,703.5,33.599998474121094,24.170000076293945,358.5,10.375,102.94999694824219,110.19999694824219,2720.641845703125,49.650001525878906,239.89999389648438,104.4000015258789,90.58000183105469,12.961999893188477,21.736160278320312,245.35000610351562,90.63999938964844,55.639400482177734,3.9200000762939453,27.549999237060547
2025-02-03,49.09000015258789,14.40999984741211,167.8000030517578,166.5800018310547,66.5199966430664,64.31999969482422,29.299999237060547,13.6899995803833,174.39999389648438,36.369998931884766,104.1500015258789,37.36000061035156,32.7400016784668,264.0,30.68000030517578,15.920000076293945,52.2400016784668,30.5049991607666,157.35000610351562,243.9499969482422,96.5199966430664,690.0999755859375,33.29999923706055,23.760000228881836,353.8500061035156,10.4350004196167,102.4000015258789,107.94999694824219,2716.646728515625,49.380001068115234,239.6999969482422,104.45999908447266,86.94000244140625,12.37600040435791,21.078847885131836,237.75,88.91999816894531,55.22499465942383,3.880000114440918,27.360000610351562
2025-02-04,49.349998474121094,14.555000305175781,168.27999877929688,166.02000427246094,65.41999816894531,67.05000305175781,29.459999084472656,13.765000343322754,177.35000610351562,37.060001373291016,105.6500015258789,40.66999816894531,32.41999816894531,268.70001220703125,31.010000228881836,16.139999389648438,51.58000183105469,30.875,159.89999389648438,247.9499969482422,95.12000274658203,692.7000122070312,32.959999084472656,24.219999313354492,350.6499938964844,10.40999984741211,104.75,106.1500015258789,2713.650390625,49.040000915527344,240.0,102.68000030517578,87.33999633789062,12.609999656677246,21.551912307739258,238.8000030517578,91.26000213623047,56.261016845703125,3.880000114440918,27.75
2025-02-05,49.27000045776367,14.675000190734863,167.63999938964844,166.89999389648438,65.68000030517578,66.4000015258789,29.760000228881836,13.760000228881836,178.5,36.95000076293945,105.4000015258789,41.029998779296875,32.349998474121094,271.1000061035156,30.940000534057617,16.135000228881836,51.459999084472656,30.885000228881836,159.25,244.35000610351562,94.45999908447266,686.0,32.58000183105469,24.360000610351562,345.6000061035156,10.454999923706055,107.44999694824219,102.30000305175781,2719.64306640625,47.77000045776367,241.3000030517578,103.5999984741211,87.81999969482422,12.550000190734863,21.113704681396484,232.39999389648438,90.95999908447266,57.23783493041992,3.8399999141693115,27.469999313354492
2025-02-06,49.970001220703125,14.954999923706055,170.32000732421875,167.89999389648438,66.22000122070312,68.26000213623047,29.399999618530273,13.875,178.5,37.380001068115234,107.25,40.4900016784668,32.439998626708984,270.70001220703125,31.260000228881836,15.744999885559082,51.119998931884766,34.95500183105469,155.5,251.89999389648438,96.13999938964844,696.9000244140625,33.04999923706055,27.610000610351562,353.1000061035156,10.449999809265137,107.6500015258789,105.5999984741211,2755.5986328125,48.68000030517578,241.0,103.72000122070312,93.23999786376953,12.673999786376953,21.507095336914062,239.5,92.80000305175781,57.82985305786133,3.9200000762939453,27.760000228881836
2025-02-07,49.900001525878906,15.140000343322754,169.1199951171875,166.9199981689453,66.9000015258789,69.44999694824219,29.18000030517578,13.960000038146973,174.60000610351562,37.560001373291016,109.8499984741211,40.38999938964844,30.959999084472656,269.8999938964844,31.469999313354492,15.850000381469727,51.0,36.099998474121094,157.60000610351562,241.60000610351562,95.72000122070312,684.2000122070312,33.08000183105469,27.360000610351562,340.6000061035156,10.550000190734863,106.75,100.6500015258789,2702.6640625,49.15999984741211,243.60000610351562,103.36000061035156,93.58000183105469,12.531999588012695,21.646526336669922,237.10000610351562,93.26000213623047,58.09626007080078,4.0,27.780000686645508
2025-02-10,50.380001068115234,15.100000381469727,169.77999877929688,167.44000244140625,66.63999938964844,69.48999786376953,29.559999465942383,13.864999771118164,176.75,37.7400016784668,108.19999694824219,40.31999969482422,31.889999389648438,272.29998779296875,31.31999969482422,15.960000038146973,51.560001373291016,35.26499938964844,159.10000610351562,244.1999969482422,96.5999984741211,685.2999877929688,33.209999084472656,27.200000762939453,342.45001220703125,10.600000381469727,105.94999694824219,99.41999816894531,2746.60986328125,49.31999969482422,245.8000030517578,103.80000305175781,93.58000183105469,12.628000259399414,21.66146469116211,242.25,94.73999786376953,57.839717864990234,3.9600000381469727,27.639999389648438
2025-02-11,49.709999084472656,15.305000305175781,170.63999938964844,167.22000122070312,66.5999984741211,70.12999725341797,30.139999389648438,13.680000305175781,179.4499969482422,38.0,106.80000305175781,40.029998779296875,31.81999969482422,277.0,31.31999969482422,15.960000038146973,50.70000076293945,36.54999923706055,161.25,247.39999389648438,97.9000015258789,685.2000122070312,32.90999984741211,26.68000030517578,341.3500061035156,10.640000343322754,105.5999984741211,97.77999877929688,2745.611083984375,48.86000061035156,245.0,103.63999938964844,94.95999908447266,12.661999702453613,22.08971405029297,244.14999389648438,96.33999633789062,58.07652282714844,3.9800000190734863,27.350000381469727
2025-02-12,49.91999816894531,15.335000038146973,170.82000732421875,169.8800048828125,67.19999694824219,70.94000244140625,30.260000228881836,13.609999656677246,182.1999969482422,38.029998779296875,107.05000305175781,40.060001373291016,32.84000015258789,276.0,31.639999389648438,15.760000228881836,50.47999954223633,37.3650016784668,160.1999969482422,264.75,97.5999984741211,687.7999877929688,32.47999954223633,26.850000381469727,333.95001220703125,10.75,105.75,97.86000061035156,2753.60107421875,49.959999084472656,246.39999389648438,104.5,95.0999984741211,12.673999786376953,22.229145050048828,238.75,98.83999633789062,58.224525451660156,4.079999923706055,26.780000686645508
2025-02-13,49.93000030517578,15.180000305175781,173.0800018310547,169.97999572753906,66.86000061035156,70.0999984741211,30.559999465942383,13.824999809265137,184.89999389648438,38.0,108.0,40.029998779296875,33.27000045776367,295.79998779296875,32.16999816894531,15.600000381469727,50.5,36.72999954223633,162.9499969482422,275.20001220703125,106.4000015258789,707.2000122070312,34.060001373291016,27.700000762939453,342.25,11.079999923706055,104.75,98.9800033569336,2812.5283203125,51.880001068115234,245.8000030517578,105.36000061035156,96.77999877929688,13.25,22.851600646972656,244.8000030517578,100.0,57.91865539550781,3.9800000190734863,27.40999984741211
2025-02-14,50.459999084472656,15.279999732971191,174.10000610351562,168.52000427246094,67.16000366210938,69.94999694824219,31.040000915527344,13.875,185.25,37.529998779296875,108.3499984741211,40.439998626708984,33.4900016784668,294.5,32.290000915527344,15.550000190734863,49.88999938964844,36.92499923706055,165.35000610351562,280.0,107.80000305175781,713.0,33.93000030517578,27.219999313354492,343.3500061035156,10.96500015258789,105.6500015258789,98.77999877929688,2835.5,52.5,246.0,103.69999694824219,96.68000030517578,13.423999786376953,23.23503303527832,246.5500030517578,102.5,58.09626007080078,3.8399999141693115,27.6299991607666
2025-02-17,50.13999938964844,15.335000038146973,174.0,170.5,68.0199966430664,69.83000183105469,31.040000915527344,13.970000267028809,185.4499969482422,37.59000015258789,109.19999694824219,40.400001525878906,33.77000045776367,294.1000061035156,32.380001068115234,15.59000015258789,49.63999938964844,36.994998931884766,178.3000030517578,280.1000061035156,107.5999984741211,701.5,33.599998474121094,27.8700008392334,343.0,10.930000305175781,106.1500015258789,99.72000122070312,2809.0,52.36000061035156,252.10000610351562,104.04000091552734,97.55999755859375,13.432000160217285,23.120502471923828,245.9499969482422,100.80000305175781,58.11599349975586,3.940000057220459,27.709999084472656
2025-02-18,49.540000915527344,15.5649995803833,174.36000061035156,173.0,67.77999877929688,71.08999633789062,30.920000076293945,13.789999961853027,166.5,37.529998779296875,110.0999984741211,40.220001220703125,32.189998626708984,294.6000061035156,32.36000061035156,15.5600004196167,49.34000015258789,38.0,182.4499969482422,274.3500061035156,110.0,705.0999755859375,33.61000061035156,27.709999084472656,341.79998779296875,10.925000190734863,105.8499984741211,98.0,2806.0,52.459999084472656,251.3000030517578,103.68000030517578,98.0,13.557999610900879,23.030868530273438,250.75,101.1500015258789,58.303462982177734,3.9000000953674316,27.3700008392334
2025-02-19,48.54999923706055,15.489999771118164,172.39999389648438,168.9199981689453,67.87999725341797,70.30000305175781,30.860000610351562,13.704999923706055,162.10000610351562,36.77000045776367,108.5,39.97999954223633,31.610000610351562,293.8999938964844,32.060001373291016,15.835000038146973,48.18000030517578,37.7599983215332,184.35000610351562,270.25,109.5999984741211,690.9000244140625,33.599998474121094,27.219999313354492,333.95001220703125,10.90999984741211,105.75,97.33999633789062,2723.0,51.20000076293945,252.0,103.08000183105469,94.08000183105469,13.331999778747559,24.84345817565918,247.1999969482422,98.19999694824219,57.92852020263672,3.880000114440918,27.209999084472656
2025-02-20,46.869998931884766,15.520000457763672,172.77999877929688,165.0800018310547,68.19999694824219,70.87000274658203,30.899999618530273,12.494999885559082,159.89999389648438,36.84000015258789,108.19999694824219,39.75,30.809999465942383,292.5,32.20000076293945,15.920000076293945,49.439998626708984,37.470001220703125,183.0500030517578,270.25,110.69999694824219,695.5,33.45000076293945,26.81999969482422,337.8999938964844,10.954999923706055,102.5999984741211,97.0,2732.0,49.130001068115234,247.89999389648438,103.58000183105469,94.44000244140625,13.333999633789062,26.26763916015625,254.60000610351562,98.19999694824219,58.03705596923828,3.880000114440918,27.18000030517578
2025-02-21,46.43000030517578,15.640000343322754,178.39999389648438,160.0,68.4800033569336,71.12000274658203,30.940000534057617,12.510000228881836,164.0,36.97999954223633,108.55000305175781,39.720001220703125,30.709999084472656,290.8999938964844,32.08000183105469,16.05500030517578,48.79999923706055,37.834999084472656,182.25,277.0,110.30000305175781,702.4000244140625,33.4900016784668,27.049999237060547,346.1000061035156,11.074999809265137,102.69999694824219,99.19999694824219,2749.0,48.7599983215332,244.1999969482422,104.12000274658203,94.44000244140625,13.48799991607666,26.641111373901367,257.3999938964844,100.94999694824219,57.346370697021484,3.9600000381469727,27.469999313354492
2025-02-24,46.560001373291016,15.630000114440918,174.77999877929688,164.33999633789062,69.86000061035156,71.08000183105469,31.299999237060547,12.9399995803833,163.10000610351562,37.099998474121094,109.30000305175781,39.45000076293945,30.5,287.3999938964844,32.209999084472656,16.375,49.689998626708984,37.849998474121094,185.6999969482422,273.8999938964844,106.5,692.0999755859375,34.029998779296875,26.829999923706055,347.75,11.154999732971191,103.75,99.19999694824219,2694.0,48.939998626708984,242.89999389648438,103.37999725341797,93.36000061035156,13.470000267028809,26.32241439819336,239.60000610351562,101.3499984741211,57.287174224853516,3.9800000190734863,28.229999542236328
2025-02-25,46.790000915527344,15.725000381469727,175.5,164.10000610351562,69.5199966430664,72.11000061035156,30.440000534057617,12.899999618530273,159.0,37.54999923706055,109.44999694824219,38.75,30.15999984741211,279.3999938964844,32.689998626708984,16.46500015258789,48.709999084472656,38.70000076293945,189.35000610351562,271.20001220703125,104.5999984741211,684.2000122070312,33.029998779296875,26.540000915527344,347.75,11.375,101.19999694824219,99.0,2709.0,48.619998931884766,245.0,104.0999984741211,93.58000183105469,13.489999771118164,25.69995880126953,231.0500030517578,101.0,56.70502853393555,3.9800000190734863,28.030000686645508
2025-02-26,48.13999938964844,15.9399995803833,175.94000244140625,167.52000427246094,69.16000366210938,72.72000122070312,29.360000610351562,12.824999809265137,155.3000030517578,38.2400016784668,110.80000305175781,39.02000045776367,30.5,282.3999938964844,32.83000183105469,16.520000457763672,49.040000915527344,39.375,190.1999969482422,276.04998779296875,106.8499984741211,700.2999877929688,33.540000915527344,27.969999313354492,350.54998779296875,11.354999542236328,101.8499984741211,101.1500015258789,2725.0,49.63999938964844,248.6999969482422,104.69999694824219,96.16000366210938,12.944000244140625,25.057584762573242,238.5,104.19999694824219,56.99116516113281,4.059999942779541,28.309999465942383
2025-02-27,48.09000015258789,15.989999771118164,174.5399932861328,165.13999938964844,68.41999816894531,72.61000061035156,29.440000534057617,12.795000076293945,150.5500030517578,37.709999084472656,110.55000305175781,38.150001525878906,30.5,288.3999938964844,33.04999923706055,17.389999389648438,48.130001068115234,39.45500183105469,193.25,273.70001220703125,106.4000015258789,693.0999755859375,33.720001220703125,27.450000762939453,350.1000061035156,11.449999809265137,97.31999969482422,100.80000305175781,2714.0,49.650001525878906,248.5,104.83999633789062,94.9000015258789,12.270000457763672,24.066635131835938,235.3000030517578,100.19999694824219,57.05036544799805,4.019999980926514,28.5
2025-02-28,48.060001373291016,16.010000228881836,176.6199951171875,165.6999969482422,68.86000061035156,72.86000061035156,28.959999084472656,12.805000305175781,149.14999389648438,37.439998626708984,111.0999984741211,37.97999954223633,30.670000076293945,286.8999938964844,33.040000915527344,17.239999771118164,48.310001373291016,39.30500030517578,191.64999389648438,271.1000061035156,105.55000305175781,694.9000244140625,34.15999984741211,27.440000534057617,353.0,11.545000076293945,95.5,103.25,2737.0,49.84000015258789,250.10000610351562,104.36000061035156,96.72000122070312,12.359999656677246,23.633403778076172,233.9499969482422,92.66000366210938,57.01089859008789,3.9600000381469727,28.760000228881836
2025-03-03,48.619998931884766,16.1299991607666,179.67999267578125,174.3800048828125,68.87999725341797,74.0199966430664,29.1200008392334,12.550000190734863,148.1999969482422,38.150001525878906,111.6500015258789,39.189998626708984,31.09000015258789,287.20001220703125,33.220001220703125,17.1299991607666,48.93000030517578,39.584999084472656,222.39999389648438,268.6000061035156,104.94999694824219,690.7999877929688,33.93000030517578,28.799999237060547,359.04998779296875,11.529999732971191,95.5199966430664,103.6500015258789,2735.0,50.540000915527344,257.8999938964844,107.68000030517578,95.86000061035156,12.32800006866455,23.673242568969727,229.64999389648438,97.87999725341797,57.39570617675781,3.9800000190734863,29.15999984741211
2025-03-04,46.83000183105469,15.800000190734863,177.86000061035156,168.74000549316406,72.33999633789062,71.69000244140625,28.979999542236328,12.670000076293945,143.25,37.959999084472656,111.75,38.470001220703125,31.540000915527344,285.3999938964844,33.5099983215332,17.225000381469727,49.58000183105469,38.470001220703125,228.0,255.5,101.25,667.4000244140625,33.0099983215332,27.309999465942383,358.0,11.649999618530273,90.58000183105469,102.8499984741211,2682.0,48.209999084472656,255.0,109.30000305175781,92.37999725341797,11.076000213623047,21.711259841918945,218.8000030517578,95.12000274658203,55.85647201538086,3.9200000762939453,29.34000015258789
2025-03-05,47.65999984741211,16.280000686645508,180.9199981689453,172.77999877929688,70.73999786376953,74.66000366210938,28.959999084472656,12.729999542236328,150.6999969482422,38.31999969482422,117.4000015258789,39.189998626708984,32.70000076293945,280.20001220703125,34.880001068115234,16.899999618530273,50.70000076293945,40.459999084472656,245.39999389648438,259.04998779296875,106.19999694824219,664.2999877929688,33.689998626708984,30.170000076293945,364.3999938964844,11.520000457763672,91.58000183105469,103.75,2672.0,49.189998626708984,260.70001220703125,108.80000305175781,100.55000305175781,11.576000213623047,22.881479263305664,226.14999389648438,100.25,55.234859466552734,3.9800000190734863,30.079999923706055
2025-03-06,47.04999923706055,16.579999923706055,180.5,173.05999755859375,70.44000244140625,77.16999816894531,29.15999984741211,13.0600004196167,157.14999389648438,38.650001525878906,118.8499984741211,40.43000030517578,34.29999923706055,271.5,36.65999984741211,16.78499984741211,51.720001220703125,42.01499938964844,247.1999969482422,259.1000061035156,106.19999694824219,653.0,34.5099983215332,32.16999816894531,365.79998779296875,11.600000381469727,92.66000366210938,104.0999984741211,2588.0,48.86000061035156,258.70001220703125,109.62000274658203,105.9000015258789,11.815999984741211,23.937164306640625,223.75,107.69999694824219,55.57033157348633,3.859999895095825,30.469999313354492
2025-03-07,46.59000015258789,16.575000762939453,180.3000030517578,169.55999755859375,71.81999969482422,76.56999969482422,29.239999771118164,13.029999732971191,153.75,38.7599983215332,117.0,39.400001525878906,34.02000045776367,272.0,35.59000015258789,16.895000457763672,51.36000061035156,42.07500076293945,236.6999969482422,249.0,106.44999694824219,634.7000122070312,34.599998474121094,30.479999542236328,359.54998779296875,11.739999771118164,94.77999877929688,102.30000305175781,2524.0,47.61000061035156,250.8000030517578,109.62000274658203,105.9000015258789,11.645999908447266,23.62842559814453,223.89999389648438,102.5999984741211,55.78740692138672,3.640000104904175,30.770000457763672
2025-03-10,45.93000030517578,16.299999237060547,183.25999450683594,163.1199951171875,72.33999633789062,74.44000244140625,29.68000030517578,13.319999694824219,152.8000030517578,38.52000045776367,116.0,40.290000915527344,34.380001068115234,273.29998779296875,35.11000061035156,17.06999969482422,52.2400016784668,39.8650016784668,236.1999969482422,255.0,104.0,630.2999877929688,35.349998474121094,29.030000686645508,364.5,11.819999694824219,94.69999694824219,104.0,2495.0,47.20000076293945,238.39999389648438,109.4800033569336,100.0999984741211,11.947999954223633,23.244993209838867,219.10000610351562,101.4000015258789,55.649269104003906,3.6600000858306885,30.43000030517578
2025-03-11,43.97999954223633,16.114999771118164,177.5800018310547,163.0,71.37999725341797,72.95999908447266,28.799999237060547,13.005000114440918,146.9499969482422,38.029998779296875,114.5999984741211,38.959999084472656,33.77000045776367,265.5,35.189998626708984,17.045000076293945,50.439998626708984,39.529998779296875,234.6999969482422,252.0,103.94999694824219,620.7999877929688,34.540000915527344,28.709999084472656,356.25,11.765000343322754,93.30000305175781,101.0,2473.0,47.72999954223633,238.60000610351562,107.44000244140625,98.16000366210938,11.324000358581543,22.59265899658203,222.75,99.33999633789062,55.39272689819336,3.759999990463257,30.239999771118164
2025-03-12,44.7400016784668,16.204999923706055,179.6999969482422,164.10000610351562,70.62000274658203,73.69000244140625,28.420000076293945,12.994999885559082,148.3000030517578,38.81999969482422,116.1500015258789,38.720001220703125,32.13999938964844,270.0,35.25,17.200000762939453,50.040000915527344,39.689998626708984,238.8000030517578,249.75,105.19999694824219,611.7999877929688,34.220001220703125,28.31999969482422,350.0,11.75,92.41999816894531,100.19999694824219,2503.0,48.36000061035156,250.5,105.94000244140625,100.0999984741211,11.26200008392334,22.632495880126953,227.8000030517578,96.13999938964844,55.8762092590332,3.640000104904175,30.3799991607666
2025-03-13,44.20000076293945,16.155000686645508,179.27999877929688,162.22000122070312,70.66000366210938,73.55000305175781,28.0,12.869999885559082,145.6999969482422,38.7599983215332,116.05000305175781,38.45000076293945,32.41999816894531,262.6000061035156,35.31999969482422,17.309999465942383,50.400001525878906,39.790000915527344,236.89999389648438,250.35000610351562,103.4000015258789,605.0,33.79999923706055,28.59000015258789,354.8500061035156,11.850000381469727,90.19999694824219,96.22000122070312,2474.0,47.849998474121094,245.10000610351562,106.22000122070312,98.58000183105469,11.003999710083008,22.020000457763672,225.10000610351562,97.73999786376953,56.41888427734375,3.700000047683716,30.469999313354492
2025-03-14,44.68000030517578,16.34000015258789,180.27999877929688,169.1999969482422,71.44000244140625,75.72000122070312,27.780000686645508,12.925000190734863,146.89999389648438,38.83000183105469,117.30000305175781,39.040000915527344,32.4900016784668,261.3999938964844,35.79999923706055,17.235000610351562,49.209999084472656,41.005001068115234,250.10000610351562,223.5500030517578,105.5999984741211,605.0999755859375,34.04999923706055,29.610000610351562,366.8999938964844,11.819999694824219,91.4000015258789,96.08000183105469,2509.0,48.33000183105469,250.6999969482422,106.22000122070312,100.30000305175781,11.27400016784668,22.508005142211914,228.0,95.9000015258789,56.724761962890625,3.7200000286102295,30.59000015258789
2025-03-17,45.5,16.545000076293945,180.5,171.24000549316406,71.80000305175781,77.91000366210938,28.219999313354492,12.984999656677246,145.1999969482422,39.2599983215332,118.25,39.150001525878906,31.959999084472656,263.6000061035156,36.04999923706055,17.174999237060547,50.15999984741211,41.709999084472656,248.39999389648438,217.39999389648438,104.8499984741211,609.7000122070312,33.880001068115234,29.389999389648438,363.45001220703125,11.789999961853027,92.04000091552734,96.4800033569336,2486.0,48.220001220703125,252.8000030517578,107.5199966430664,100.0,11.430000305175781,22.831680297851562,230.85000610351562,96.0,56.783958435058594,3.700000047683716,31.190000534057617
2025-03-18,44.939998626708984,16.799999237060547,179.97999572753906,171.77999877929688,70.81999969482422,80.20999908447266,28.219999313354492,13.09000015258789,146.1999969482422,39.90999984741211,119.4000015258789,38.7400016784668,32.22999954223633,263.5,36.279998779296875,17.264999389648438,49.720001220703125,42.744998931884766,252.39999389648438,217.1999969482422,106.19999694824219,610.0,34.220001220703125,29.860000610351562,360.25,11.824999809265137,91.77999877929688,98.0199966430664,2446.0,48.90999984741211,252.8000030517578,107.63999938964844,100.9000015258789,11.586000442504883,23.379444122314453,234.8000030517578,96.13999938964844,57.19837188720703,3.7200000286102295,31.709999084472656
2025-03-19,45.34000015258789,16.979999542236328,180.13999938964844,171.3000030517578,71.45999908447266,80.86000061035156,28.479999542236328,13.175000190734863,146.85000610351562,39.84000015258789,119.75,39.04999923706055,32.560001373291016,265.20001220703125,36.31999969482422,17.280000686645508,49.0,42.869998931884766,247.10000610351562,214.4499969482422,107.30000305175781,610.5999755859375,34.15999984741211,30.3700008392334,361.8500061035156,11.800000190734863,92.72000122070312,97.04000091552734,2488.0,49.150001525878906,258.0,107.9800033569336,102.5999984741211,11.619999885559082,23.439199447631836,241.5500030517578,96.19999694824219,58.027191162109375,3.700000047683716,31.670000076293945
2025-03-20,44.86000061035156,16.850000381469727,177.77999877929688,167.36000061035156,71.55999755859375,79.05000305175781,28.520000457763672,13.305000305175781,147.0500030517578,39.63999938964844,118.8499984741211,39.13999938964844,31.8700008392334,266.1000061035156,36.2400016784668,17.540000915527344,52.2599983215332,42.29999923706055,243.10000610351562,210.39999389648438,105.94999694824219,604.5,34.099998474121094,29.5,360.6000061035156,11.84000015258789,91.9800033569336,96.83999633789062,2508.0,48.20000076293945,252.5,106.19999694824219,101.44999694824219,11.272000312805176,22.53788185119629,237.0,93.80000305175781,58.086387634277344,3.700000047683716,31.459999084472656
2025-03-21,43.88999938964844,16.80500030517578,177.52000427246094,166.63999938964844,71.87999725341797,79.72000122070312,28.559999465942383,13.244999885559082,146.0500030517578,39.5099983215332,118.25,38.630001068115234,31.389999389648438,267.3999938964844,35.880001068115234,17.549999237060547,51.41999816894531,42.349998474121094,240.0,206.8000030517578,104.9000015258789,602.5,33.869998931884766,29.1200008392334,352.75,11.829999923706055,92.05999755859375,95.19999694824219,2513.0,47.150001525878906,250.39999389648438,105.83999633789062,99.95999908447266,11.100000381469727,22.020000457763672,231.75,91.5999984741211,57.62264633178711,3.9000000953674316,31.3700008392334
2025-03-24,44.099998474121094,16.850000381469727,177.33999633789062,167.22000122070312,70.69999694824219,79.43000030517578,28.299999237060547,12.869999885559082,146.4499969482422,39.58000183105469,118.4000015258789,38.349998474121094,31.18000030517578,270.5,36.040000915527344,17.53499984741211,50.58000183105469,42.86000061035156,244.6999969482422,202.39999389648438,104.69999694824219,596.2999877929688,33.97999954223633,29.5,349.20001220703125,11.680000305175781,91.62000274658203,94.18000030517578,2498.0,49.220001220703125,251.0,103.87999725341797,99.69999694824219,11.315999984741211,22.434999465942383,232.0,92.45999908447266,57.18850326538086,3.759999990463257,31.5
2025-03-25,44.90999984741211,17.295000076293945,178.72000122070312,172.32000732421875,71.05999755859375,81.58000183105469,28.520000457763672,12.954999923706055,147.60000610351562,40.13999938964844,119.30000305175781,38.63999938964844,31.360000610351562,277.20001220703125,36.369998931884766,17.719999313354492,50.41999816894531,43.904998779296875,248.1999969482422,201.10000610351562,103.94999694824219,598.2999877929688,34.209999084472656,29.479999542236328,348.20001220703125,11.760000228881836,92.95999908447266,93.19999694824219,2512.0,49.91999816894531,253.89999389648438,103.72000122070312,100.0999984741211,11.399999618530273,22.44499969482422,234.0,93.87999725341797,58.560001373291016,3.700000047683716,31.829999923706055
2025-03-26,44.81999969482422,17.135000228881836,176.74000549316406,170.5399932861328,70.54000091552734,80.4000015258789,28.260000228881836,12.949999809265137,148.0,40.060001373291016,118.80000305175781,37.75,31.170000076293945,273.20001220703125,36.43000030517578,17.809999465942383,49.63999938964844,43.88999938964844,251.0,202.10000610351562,102.30000305175781,594.5,32.13999938964844,28.920000076293945,342.75,11.71500015258789,91.80000305175781,92.04000091552734,2472.0,49.0,250.8000030517578,101.45999908447266,99.5999984741211,11.394000053405762,21.545000076293945,228.39999389648438,94.05999755859375,60.40999984741211,3.759999990463257,31.790000915527344
2025-03-27,44.220001220703125,17.09000015258789,176.44000244140625,168.6999969482422,70.81999969482422,79.66999816894531,28.34000015258789,13.104999542236328,147.10000610351562,40.099998474121094,119.19999694824219,36.939998626708984,31.5,269.29998779296875,36.9900016784668,17.920000076293945,49.540000915527344,43.35499954223633,250.0,202.25,100.1500015258789,589.0999755859375,32.849998474121094,27.739999771118164,342.0,11.779999732971191,90.19999694824219,91.5,2474.0,49.27000045776367,248.39999389648438,101.86000061035156,98.45999908447266,10.911999702453613,21.290000915527344,225.3000030517578,98.45999908447266,60.5099983215332,3.740000009536743,32.099998474121094
2025-03-28,42.790000915527344,16.94499969482422,176.32000732421875,166.25999450683594,70.81999969482422,78.55000305175781,28.200000762939453,13.255000114440918,145.3000030517578,39.9900016784668,118.69999694824219,36.18000030517578,31.0,266.6000061035156,36.90999984741211,18.059999465942383,49.90999984741211,42.540000915527344,246.60000610351562,199.24000549316406,98.83999633789062,587.0999755859375,33.0,26.81999969482422,345.1000061035156,11.850000381469727,90.0,94.12000274658203,2436.0,47.5,245.6999969482422,103.4000015258789,96.55999755859375,10.482000350952148,20.510000228881836,217.14999389648438,96.30000305175781,59.209999084472656,3.7799999713897705,32.150001525878906
